{"nll": 3.444370276101012, "nll_miss": 5.108644904057995, "ece": 0.3829580843448639, "predictive_entropy": {"total": [0.7591160535812378, 0.6159330010414124], "aleatoric": [0.7422845363616943, 0.6056313514709473], "epistemic": [0.01683148927986622, 0.031193405389785767]}, "top-1": 0.3488421052631579, "top-2": 0.5538315789473685, "top-3": 0.6896315789473685}