{"nll": 2.2779275939583776, "nll_miss": 3.138659400387381, "ece": 0.1780434548854828, "predictive_entropy": {"total": [1.2804652452468872, 0.4571871757507324], "aleatoric": [1.2681803703308105, 0.4548191726207733], "epistemic": [0.012284759432077408, 0.012582525610923767]}, "top-1": 0.33356842105263157, "top-2": 0.49563684210526315, "top-3": 0.6068684210526316}