{"nll": 2.04412102318312, "nll_miss": 2.5419787536057883, "ece": 0.1868649125099182, "predictive_entropy": {"total": [1.5081743001937866, 0.4676481783390045], "aleatoric": [1.4959925413131714, 0.4663632810115814], "epistemic": [0.012181722559034824, 0.013369651511311531]}, "top-1": 0.2728, "top-2": 0.49954736842105263, "top-3": 0.6358526315789473}