{"nll": 2.009811120791184, "nll_miss": 2.5066250835143493, "ece": 0.1804412305355072, "predictive_entropy": {"total": [1.5103001594543457, 0.46669089794158936], "aleatoric": [1.4982824325561523, 0.465328574180603], "epistemic": [0.012017573229968548, 0.013267799280583858]}, "top-1": 0.27754210526315787, "top-2": 0.5061473684210526, "top-3": 0.6437105263157894}