{"nll": 1.332943382115113, "nll_miss": 2.489073912358893, "ece": 0.061934392899274826, "predictive_entropy": {"total": [1.0904884338378906, 0.5635229349136353], "aleatoric": [1.079509973526001, 0.5597878694534302], "epistemic": [0.010978267528116703, 0.01565120741724968]}, "top-1": 0.5537578947368421, "top-2": 0.7297105263157895, "top-3": 0.8255210526315789}