{"nll": 1.8693975683086796, "nll_miss": 2.3752727619312735, "ece": 0.09974059462547302, "predictive_entropy": {"total": [1.57852303981781, 0.4018516540527344], "aleatoric": [1.5621970891952515, 0.3977844715118408], "epistemic": [0.01632600650191307, 0.013693413697183132]}, "top-1": 0.3205157894736842, "top-2": 0.5279947368421052, "top-3": 0.6650999999999999}