{"nll": 2.11623327300925, "nll_miss": 2.6185346780077534, "ece": 0.20161260664463043, "predictive_entropy": {"total": [1.4964371919631958, 0.4724385440349579], "aleatoric": [1.4839107990264893, 0.4712441563606262], "epistemic": [0.012526477687060833, 0.013630203902721405]}, "top-1": 0.2635789473684211, "top-2": 0.48643157894736844, "top-3": 0.6232315789473685}