{"nll": 1.8780510795637182, "nll_miss": 2.839829425429056, "ece": 0.127134770154953, "predictive_entropy": {"total": [1.216548204421997, 0.49192431569099426], "aleatoric": [1.2056465148925781, 0.4887126088142395], "epistemic": [0.010901523754000664, 0.011728543788194656]}, "top-1": 0.4119473684210526, "top-2": 0.5740631578947368, "top-3": 0.6904157894736842}