{"nll": 1.9946587410249208, "nll_miss": 2.487538073197992, "ece": 0.17493803799152374, "predictive_entropy": {"total": [1.518856406211853, 0.4631373882293701], "aleatoric": [1.5068265199661255, 0.46146392822265625], "epistemic": [0.012030149810016155, 0.013702413998544216]}, "top-1": 0.2786526315789474, "top-2": 0.5055842105263157, "top-3": 0.640778947368421}