{"nll": 1.8132996176092249, "nll_miss": 2.326402868602586, "ece": 0.08815649896860123, "predictive_entropy": {"total": [1.5730634927749634, 0.4077325165271759], "aleatoric": [1.5565978288650513, 0.4036416709423065], "epistemic": [0.016465924680233, 0.013904647901654243]}, "top-1": 0.3349578947368421, "top-2": 0.5447157894736843, "top-3": 0.6839578947368421}