{"nll": 1.9383374536489186, "nll_miss": 2.4466886586985366, "ece": 0.10956840217113495, "predictive_entropy": {"total": [1.5837724208831787, 0.38920751214027405], "aleatoric": [1.567502498626709, 0.3854166567325592], "epistemic": [0.016270102933049202, 0.013635699637234211]}, "top-1": 0.3089421052631579, "top-2": 0.5117789473684211, "top-3": 0.6490842105263158}