{"nll": 4.642315538882582, "nll_miss": 6.52996852938314, "ece": 0.41584697365760803, "predictive_entropy": {"total": [0.7760033011436462, 0.667102038860321], "aleatoric": [0.7625911235809326, 0.6583516597747803], "epistemic": [0.013412128202617168, 0.026565590873360634]}, "top-1": 0.3066421052631579, "top-2": 0.4936473684210526, "top-3": 0.6229631578947368}