{"nll": 1.5345221686225188, "nll_miss": 2.597925420988612, "ece": 0.09112998098134995, "predictive_entropy": {"total": [1.1130605936050415, 0.5355550646781921], "aleatoric": [1.1034891605377197, 0.5318135023117065], "epistemic": [0.009571642614901066, 0.011113349348306656]}, "top-1": 0.49128947368421055, "top-2": 0.6532842105263158, "top-3": 0.773578947368421}