{"nll": 1.7832292416654134, "nll_miss": 2.831112209611194, "ece": 0.1452040821313858, "predictive_entropy": {"total": [1.1730973720550537, 0.5271352529525757], "aleatoric": [1.1601637601852417, 0.5236836075782776], "epistemic": [0.01293374877423048, 0.01938224956393242]}, "top-1": 0.43992105263157893, "top-2": 0.6235999999999999, "top-3": 0.7362052631578947}