{"nll": 2.0468432713038043, "nll_miss": 2.978050984372177, "ece": 0.14763081073760986, "predictive_entropy": {"total": [1.2435353994369507, 0.47581663727760315], "aleatoric": [1.2319656610488892, 0.4729291796684265], "epistemic": [0.0115698566660285, 0.012011812068521976]}, "top-1": 0.3798105263157895, "top-2": 0.5410473684210526, "top-3": 0.654678947368421}