{"nll": 1.7170449872685105, "nll_miss": 2.722731459064814, "ece": 0.10972873866558075, "predictive_entropy": {"total": [1.1747674942016602, 0.5103822350502014], "aleatoric": [1.1644229888916016, 0.5068656802177429], "epistemic": [0.010344726033508778, 0.011498238891363144]}, "top-1": 0.4474421052631579, "top-2": 0.610121052631579, "top-3": 0.7294631578947369}