{"nll": 2.021345953539798, "nll_miss": 2.531413438142251, "ece": 0.12320969253778458, "predictive_entropy": {"total": [1.5869425535202026, 0.37980717420578003], "aleatoric": [1.5708909034729004, 0.3762020170688629], "epistemic": [0.01605170965194702, 0.013483108952641487]}, "top-1": 0.2951684210526316, "top-2": 0.4920684210526316, "top-3": 0.6278789473684211}