{"nll": 1.9108550413031327, "nll_miss": 2.3976994320504046, "ece": 0.15146362781524658, "predictive_entropy": {"total": [1.5415951013565063, 0.4602596163749695], "aleatoric": [1.5297763347625732, 0.4585004448890686], "epistemic": [0.011818843893706799, 0.013517545536160469]}, "top-1": 0.2924684210526316, "top-2": 0.5260473684210527, "top-3": 0.6604947368421054}