{"nll": 2.062478367967355, "nll_miss": 3.1041365709358666, "ece": 0.19331449270248413, "predictive_entropy": {"total": [1.171655535697937, 0.5247858762741089], "aleatoric": [1.1591185331344604, 0.5216131210327148], "epistemic": [0.012537016533315182, 0.01928686909377575]}, "top-1": 0.39372105263157897, "top-2": 0.5732421052631579, "top-3": 0.6912315789473684}