{"nll": 2.4313698121409666, "nll_miss": 3.4057233099151727, "ece": 0.24215039610862732, "predictive_entropy": {"total": [1.195739507675171, 0.5243434309959412], "aleatoric": [1.1836299896240234, 0.5219332575798035], "epistemic": [0.01210959255695343, 0.01874569244682789]}, "top-1": 0.3342473684210526, "top-2": 0.5025315789473684, "top-3": 0.6206526315789473}