{"nll": 1.9020981313630154, "nll_miss": 2.411920462018441, "ece": 0.10460147261619568, "predictive_entropy": {"total": [1.5777091979980469, 0.3947537839412689], "aleatoric": [1.5613316297531128, 0.39078736305236816], "epistemic": [0.016377855092287064, 0.013593079522252083]}, "top-1": 0.31566315789473687, "top-2": 0.5208894736842106, "top-3": 0.657321052631579}