{"nll": 5.273034321793757, "nll_miss": 7.032892846737841, "ece": 0.44320982694625854, "predictive_entropy": {"total": [0.8039231896400452, 0.6919494271278381], "aleatoric": [0.7906529307365417, 0.6838402152061462], "epistemic": [0.013270215131342411, 0.027009399607777596]}, "top-1": 0.2653, "top-2": 0.44057894736842107, "top-3": 0.5633263157894737}