{"nll": 3.985077830573132, "nll_miss": 5.720998151062511, "ece": 0.40708082914352417, "predictive_entropy": {"total": [0.758668065071106, 0.6400713324546814], "aleatoric": [0.7435155510902405, 0.6306500434875488], "epistemic": [0.01515256054699421, 0.029519278556108475]}, "top-1": 0.3235736842105263, "top-2": 0.5203947368421052, "top-3": 0.6547473684210526}