{"nll": 2.735047878561208, "nll_miss": 4.328072445258449, "ece": 0.325720876455307, "predictive_entropy": {"total": [0.7845660448074341, 0.5905171036720276], "aleatoric": [0.7668759226799011, 0.5798274874687195], "epistemic": [0.017690159380435944, 0.030232006683945656]}, "top-1": 0.3968052631578947, "top-2": 0.6076368421052631, "top-3": 0.7393578947368421}