{"nll": 1.5718103841687503, "nll_miss": 2.6645757472122353, "ece": 0.10803673416376114, "predictive_entropy": {"total": [1.141762614250183, 0.5408453941345215], "aleatoric": [1.1294490098953247, 0.537273645401001], "epistemic": [0.012313656508922577, 0.018153294920921326]}, "top-1": 0.4886473684210526, "top-2": 0.6727631578947368, "top-3": 0.7775736842105263}